CustomerID,actual_churn,predicted_churn,churn_probability,prediction_correct
54007,0,0,0.15139978584365532,True
51970,0,0,0.12227170312370171,True
54236,0,0,0.16245831301176772,True
50106,0,0,0.13058867302130314,True
52296,0,0,0.30084391450388565,True
54394,0,0,0.13163801910038397,True
52952,0,0,0.2537421389069787,True
53404,0,0,0.1305216257762857,True
53586,0,0,0.3179930783241002,True
50468,0,0,0.12647095113923865,True
52479,0,0,0.19611438236694226,True
52126,1,1,0.8759269254503326,True
53002,0,0,0.1534761117788727,True
54605,0,0,0.159029505742805,True
53095,0,0,0.20479038735040045,True
51609,0,0,0.2024474752437892,True
51159,0,0,0.3195350865099589,True
50800,0,0,0.4489391706635946,True
50151,0,0,0.2028752222853346,True
54778,0,0,0.12990932297450208,True
51630,0,1,0.6860134436352738,False
50675,0,0,0.11110857374443402,True
50959,1,1,0.6457542727386537,True
52580,0,0,0.18813031759406193,True
50670,0,0,0.11303733334813545,True
50877,0,0,0.2167018736887595,True
52335,0,0,0.4410188418534407,True
55421,0,0,0.2977444542541486,True
54549,0,0,0.13783452787430706,True
54498,0,0,0.24200244039302596,True
55284,0,0,0.20557301697374822,True
54860,0,0,0.05438620687971735,True
55217,1,1,0.7316501292729886,True
50837,0,0,0.30492854688980725,True
55029,0,0,0.2526336833561699,True
55523,0,0,0.13353631101994232,True
54757,0,0,0.22658946151878737,True
53500,0,0,0.20251891488483498,True
50895,0,0,0.24493161120389462,True
50833,0,0,0.294448164620411,True
53081,0,0,0.08250861390763928,True
54378,1,1,0.6812563558635467,True
53302,0,0,0.19838925120261905,True
50157,0,0,0.16575652810748934,True
50726,0,0,0.3575589257181941,True
51842,0,1,0.6786918731118855,False
54041,0,0,0.41053092477486003,True
53816,0,0,0.16659541573395156,True
53340,0,0,0.0533604325520599,True
52260,0,0,0.09318788724762898,True
51258,0,1,0.5485013547433341,False
53172,0,0,0.34465054316303706,True
55067,0,0,0.23644848487819747,True
50933,1,1,0.906471642119788,True
53810,0,0,0.23527516930839656,True
52827,1,1,0.5118366387887122,True
52562,0,0,0.17177885586356356,True
53161,0,1,0.5775422202553346,False
54336,0,0,0.18297463933760436,True
50438,1,1,0.900674927758812,True
52750,0,0,0.1419627961081973,True
53538,0,0,0.13559343561368592,True
52670,0,0,0.23932409058625528,True
52826,1,0,0.3054925778340411,False
55583,0,1,0.5169736197574369,False
50251,0,0,0.21267795648071805,True
54238,0,0,0.28241556985302424,True
51055,0,0,0.12101629339603026,True
54695,0,0,0.045100891562558025,True
50809,0,0,0.4269837854175855,True
51216,0,0,0.20698884772707352,True
52009,1,1,0.712438842471582,True
52489,0,0,0.15450473667006867,True
51514,0,0,0.2100903106648068,True
54497,1,1,0.8238957182425761,True
51759,0,0,0.10654711692319879,True
52611,0,0,0.14154299695369488,True
53655,0,0,0.24029010221361427,True
52339,0,1,0.5204836473864778,False
50355,1,1,0.8707235040182556,True
52594,0,1,0.6059555189693396,False
50014,1,1,0.8790966430713572,True
53099,0,0,0.04083249735901846,True
51074,0,0,0.19773564999521034,True
55151,0,0,0.24765855163754735,True
51348,1,1,0.829680671225167,True
53707,1,1,0.8059120997577394,True
54433,0,0,0.19828734160325112,True
55362,1,1,0.871085395612242,True
50606,0,0,0.33390509177917166,True
52639,0,0,0.2759943751447334,True
50579,0,0,0.3913101854402934,True
52353,1,1,0.8847040415996965,True
50768,1,1,0.8067416673298723,True
53570,0,0,0.0729252784516919,True
54930,0,1,0.574936767323725,False
53569,0,0,0.12619417639070737,True
54317,0,0,0.08312158709766507,True
52550,1,1,0.6342688018000079,True
52457,1,0,0.24984028555874344,False
51597,0,0,0.1937091496233439,True
54203,1,1,0.7386161852794457,True
50984,0,0,0.30389912059301466,True
51966,0,0,0.3608767111017314,True
54899,0,0,0.1202377922748642,True
55260,0,0,0.21605001117312206,True
53241,0,1,0.6640455529212602,False
52032,0,0,0.3193782219743013,True
53821,0,0,0.09280032601864616,True
52572,0,0,0.25839375669664255,True
51072,0,1,0.5339577167501386,False
50954,0,0,0.11090229731102816,True
52513,1,1,0.8154224991604647,True
53666,1,1,0.686138710799005,True
54147,0,0,0.18192127358188434,True
53273,0,0,0.09624933115770042,True
51021,0,0,0.20476458743335485,True
54101,0,0,0.16796843168564318,True
53277,0,1,0.7495306706924042,False
50298,1,1,0.7905451320412428,True
51405,0,0,0.08207573252435241,True
50103,0,0,0.24622935319782202,True
52209,0,0,0.20035001381807793,True
53571,0,0,0.22758426839506218,True
50866,0,0,0.2565577711419488,True
51168,0,0,0.1871024892575556,True
51101,0,0,0.12498472332068693,True
51965,0,0,0.1166868533734885,True
51473,1,1,0.855270866958957,True
54811,0,0,0.1079143889229668,True
51358,0,0,0.18351097877730527,True
55280,0,0,0.2321531064837614,True
51103,0,0,0.16454699802642178,True
53600,0,1,0.6291002384548734,False
53556,0,0,0.28005199551082033,True
51214,1,1,0.7472223689333064,True
52835,1,1,0.5503636677558528,True
53348,0,0,0.24232846220480472,True
54966,0,0,0.12380953562724374,True
54384,0,0,0.28998411937459845,True
54893,1,1,0.7574801987408601,True
53932,0,0,0.2903314831457555,True
51213,0,0,0.497684759748686,True
55001,0,0,0.21114843266752903,True
53744,0,0,0.050266222491945164,True
55083,0,0,0.10835022906728745,True
50112,1,1,0.7138771187903551,True
50320,0,0,0.15068703971910627,True
50655,1,1,0.5761075852530169,True
53705,0,0,0.240237286682016,True
53305,1,1,0.832084387832329,True
54973,0,0,0.18596877047729835,True
54077,0,1,0.6248536194407113,False
55389,0,0,0.15847342660042815,True
54720,0,0,0.3741577799553856,True
53293,0,0,0.3203652387669889,True
54880,0,0,0.2277887874613918,True
52368,0,0,0.2388061786698788,True
52159,1,1,0.5116010030330894,True
55268,0,0,0.16855757900587018,True
55499,1,1,0.7304011536539118,True
51328,1,0,0.32041892223911156,False
53761,0,0,0.2882050706457773,True
53502,0,0,0.3329942360179949,True
54322,0,1,0.6794866713089686,False
50174,0,0,0.3018558399035246,True
52184,1,1,0.6466469814795462,True
50983,0,0,0.15455836758956717,True
51480,0,1,0.6097823361836263,False
55332,1,1,0.6182324212726638,True
54315,0,0,0.346705249099653,True
51582,1,1,0.6879377791646015,True
51418,0,0,0.37623609561228144,True
55189,0,0,0.33030470608425455,True
54718,0,0,0.15708368612419993,True
52347,0,0,0.20164567282147916,True
50580,0,0,0.2682487583120087,True
50679,0,0,0.3301650448534055,True
53751,1,1,0.9321143915105365,True
52617,1,1,0.829467540757858,True
53889,0,0,0.20136568014648454,True
50808,1,1,0.8952320298403564,True
54934,0,0,0.27086644155178585,True
51802,0,0,0.2563937724458932,True
51776,0,0,0.25582389503311,True
51215,1,1,0.9255153280141619,True
52266,0,0,0.10682917644991248,True
50516,0,1,0.5458045931301752,False
53072,0,0,0.3411739427692301,True
51399,0,0,0.32707776058770965,True
50623,0,0,0.43787669221571224,True
51933,0,0,0.08269626413689514,True
53031,0,0,0.12230608246068476,True
51803,1,1,0.8777666180095731,True
52511,0,0,0.13723603289558578,True
52174,1,1,0.5974462637104128,True
52591,0,0,0.30928726820372676,True
50285,0,0,0.10037685843582812,True
51199,0,0,0.4239634345557868,True
53696,0,0,0.3087844585083751,True
55244,1,0,0.45853542790480906,False
54128,0,0,0.19766776663129393,True
50214,0,0,0.1585179544160349,True
54637,0,1,0.7253069772580478,False
52116,0,0,0.1367459768470624,True
51282,0,0,0.07448220231070546,True
53553,0,0,0.3252764047034254,True
53318,0,0,0.05454466943590474,True
55229,1,1,0.8440797635058682,True
53093,0,0,0.28289549211509896,True
52906,0,0,0.38020191554302,True
51637,0,0,0.12887373190519189,True
55350,0,0,0.14872316997267412,True
54982,0,0,0.1282827818459448,True
50093,1,0,0.4599039655233733,False
55116,0,0,0.08800214620705869,True
55434,1,1,0.90547258854136,True
52401,0,0,0.2148507597911562,True
54790,0,0,0.20225485221927714,True
52214,0,1,0.5665343690928588,False
52396,0,0,0.18881932787862538,True
53035,0,0,0.21974077757557395,True
50634,0,0,0.10806947664320647,True
53038,0,0,0.19523084965712748,True
53782,0,0,0.17808343937907856,True
53316,0,0,0.3886875650181471,True
52450,0,0,0.33545315229128797,True
53805,0,0,0.2523416965032479,True
55090,0,0,0.44422281267462743,True
50786,0,0,0.3914097233025571,True
52001,0,1,0.6305035027034185,False
53304,0,0,0.17291925517172285,True
50744,0,1,0.5842463454095117,False
54425,1,1,0.7870632105353229,True
50261,1,1,0.8147468461780057,True
51672,0,0,0.1691416812239075,True
55473,1,1,0.7301003483677411,True
50155,0,0,0.07053587498395633,True
54677,0,0,0.4789574300813508,True
51079,0,0,0.1126627112892704,True
51981,0,0,0.23541370628105113,True
54319,0,0,0.2764172932518783,True
54904,0,0,0.044416647403999726,True
55456,0,0,0.3207423717854857,True
51845,0,0,0.1532479223773946,True
54927,0,0,0.15570839230125696,True
51723,0,0,0.1960463388822432,True
55094,0,0,0.3727010853515224,True
53955,0,0,0.07575106010692444,True
51510,0,1,0.8975646934493904,False
54756,1,0,0.4146679212089443,False
50402,0,0,0.10104788222229018,True
50114,0,0,0.24194338517936081,True
55462,0,0,0.08220424376149998,True
51048,0,0,0.29203441599969593,True
51043,1,1,0.8240831978726826,True
51157,1,1,0.8582469257609051,True
54092,0,0,0.10805466580709201,True
51519,0,0,0.14795087118764094,True
52501,0,0,0.08924209176110821,True
55009,0,0,0.17178519313131843,True
54021,0,0,0.145752415353477,True
54104,0,1,0.8154980415332217,False
55061,0,0,0.1913668580354228,True
52605,0,0,0.12642160940210817,True
52069,0,0,0.1907984965382008,True
50265,0,0,0.26979357384879277,True
54157,0,0,0.19685837857912766,True
55420,0,0,0.13511069387085137,True
52647,0,0,0.07812742282336824,True
51173,1,1,0.6581307580996785,True
54538,0,0,0.16615272445170617,True
54803,0,0,0.21773842753102277,True
51590,0,0,0.11142696735929031,True
53918,0,0,0.18246629949920457,True
50792,0,0,0.17320673048049642,True
54986,0,0,0.22374656980042645,True
52745,0,0,0.16455051950055374,True
52228,0,0,0.2512445494335464,True
51544,0,0,0.16276145676005688,True
52474,0,0,0.17518226673341647,True
55520,0,0,0.23925157838686675,True
50218,0,0,0.2707924268111914,True
50888,1,1,0.7005815099160544,True
50318,0,0,0.3378314530319536,True
53426,0,0,0.09647484164362595,True
53908,0,0,0.3906612805613584,True
53697,1,1,0.7889280470208112,True
50332,0,1,0.7448491207360162,False
54075,0,0,0.3169759130143257,True
52181,0,0,0.28849428656021436,True
50011,1,0,0.3774857936403679,False
51581,0,0,0.22536834516188212,True
50326,0,0,0.4864547082464272,True
51805,0,0,0.20007235260033784,True
53415,0,1,0.5981446042494724,False
53487,1,1,0.8007208958422904,True
53835,0,0,0.35180898022781126,True
52789,0,0,0.09758303610611545,True
51699,0,0,0.16132792536862772,True
52307,0,0,0.30492854688980725,True
53601,0,1,0.5758757120877831,False
53399,0,0,0.22548085916804883,True
53521,0,0,0.296511459777949,True
55272,1,0,0.25747141686687564,False
54969,0,0,0.20622803133766834,True
54257,0,0,0.4919131151377744,True
51066,0,0,0.1169842754538122,True
53961,0,0,0.27650436507821774,True
53395,0,0,0.3033282305045161,True
51316,0,0,0.12146982038592385,True
55177,1,1,0.8059120997577394,True
50308,0,0,0.18241455541320725,True
51984,0,1,0.6282740424410403,False
51897,0,0,0.11623912383383686,True
51219,0,0,0.4482134912837475,True
54180,0,0,0.3381808527913785,True
52440,0,0,0.2281117598189068,True
52149,0,0,0.3455860184069933,True
55431,0,0,0.2771140196766364,True
52483,0,1,0.8269015661616989,False
52646,0,0,0.1445765384114039,True
54940,1,1,0.5903265124813605,True
51528,1,1,0.6131581420161609,True
53475,0,0,0.2095049808194835,True
51398,0,0,0.217674692449062,True
52192,0,0,0.19322938465592437,True
52949,0,0,0.14730507181610983,True
50422,0,0,0.43696821310848116,True
51773,0,0,0.13276971556313996,True
53532,0,1,0.7202386413473916,False
54512,0,0,0.1956431081170065,True
51831,0,0,0.27659955680507003,True
50421,0,0,0.21050729872785887,True
50199,1,1,0.8953016775438895,True
54547,0,0,0.19248669901654725,True
51363,0,1,0.616127632002701,False
51310,0,0,0.20394671930270925,True
50886,0,0,0.04569504722398046,True
52490,0,0,0.30791328420039166,True
52225,0,0,0.07033108271587063,True
54901,0,0,0.1557881069507657,True
51896,0,1,0.6811481495451349,False
53619,1,0,0.3095286291305249,False
54054,0,0,0.21860610411134865,True
54202,0,1,0.7196434779241523,False
50584,0,0,0.2160408051643046,True
51548,0,1,0.6289896482512592,False
53995,0,0,0.14736663135360667,True
51260,0,0,0.296529669967985,True
51565,0,0,0.05400777729075409,True
55161,0,0,0.13531977746259288,True
53165,0,1,0.7737683705958485,False
54957,1,1,0.7787362857394541,True
53250,0,0,0.37837350300825257,True
53678,0,0,0.1086933751260254,True
54873,0,0,0.17729264735023642,True
55316,0,0,0.09416612989568156,True
54385,0,0,0.15502274652076353,True
53140,0,0,0.15713078746459028,True
50030,0,0,0.28279206970679555,True
54080,0,0,0.16996039225789525,True
54192,0,0,0.11896979207800541,True
55104,0,0,0.19148417229678225,True
53355,0,0,0.15476041745813773,True
51016,0,0,0.13980709823410659,True
51256,0,0,0.23360643419414792,True
53112,1,1,0.7402334854929689,True
55103,0,0,0.21718749871488213,True
50263,0,0,0.1587656346479237,True
55390,0,0,0.15342200412770376,True
51388,1,1,0.5324625219380845,True
50821,0,0,0.15631920913660818,True
50473,0,0,0.17790212793982513,True
50485,0,0,0.13283414642501445,True
51318,1,1,0.8116121449443944,True
51437,0,0,0.3030405889813024,True
51242,0,0,0.2252806781952508,True
50324,0,0,0.11512232605179495,True
50256,0,1,0.6721683763251878,False
50669,0,0,0.24332885096808274,True
55338,0,0,0.10052275007579148,True
54801,0,0,0.4587693429796619,True
55239,0,0,0.09857797924795349,True
55615,0,0,0.19974059218854023,True
53252,0,0,0.0789177284387793,True
54775,1,1,0.7856729187168214,True
54329,0,0,0.22984254459720246,True
51574,0,0,0.2678586927335412,True
52720,0,0,0.09152687259624309,True
52413,0,0,0.1800471283452351,True
50013,1,1,0.8800670051534729,True
53859,0,1,0.7998155012427469,False
52030,0,0,0.2877019958383056,True
54750,1,1,0.8719970552415675,True
51393,0,0,0.31730335460354786,True
53371,0,0,0.1664992182413984,True
50602,0,0,0.12686119484489766,True
51757,0,0,0.057825556953992135,True
55403,0,0,0.29325677662101646,True
54709,0,0,0.19951546298367315,True
50576,1,1,0.5120873491101232,True
53445,0,0,0.24099348370661122,True
53485,0,0,0.13462909789333327,True
54288,1,1,0.951982363407981,True
53138,0,0,0.2234623328935758,True
51389,0,1,0.7290696219391911,False
51990,0,0,0.45718053260997954,True
50502,0,0,0.14203866132119436,True
50815,1,1,0.6615456239215206,True
55290,0,0,0.19048233600475567,True
51543,0,0,0.10505499721770623,True
54914,0,0,0.26252851561363394,True
50381,0,1,0.7978427267746554,False
55555,0,0,0.23409623007454233,True
55519,0,0,0.2646860531596467,True
53101,0,0,0.19693868537863154,True
51475,0,0,0.08732957356008124,True
52094,1,1,0.8882006314058323,True
53676,1,1,0.7764378211072165,True
51293,0,0,0.17121403838192395,True
53335,0,0,0.48199173552094554,True
54625,0,0,0.190018754449322,True
53092,0,0,0.06971666574374134,True
54392,0,0,0.15061720432324738,True
55022,0,0,0.15132967668105432,True
51649,0,0,0.20959327317930657,True
50936,1,1,0.9427705125664373,True
53256,0,1,0.6198843056084411,False
52977,1,1,0.6106577892407686,True
52239,0,0,0.1343682794547866,True
52676,0,0,0.1467954145500932,True
52120,0,0,0.06573847898325322,True
53449,0,0,0.1013460457518876,True
55176,0,0,0.24323728954309376,True
50301,0,0,0.08069785453040805,True
51951,0,0,0.13582249848866995,True
51058,0,0,0.0922022119746603,True
51176,0,0,0.1509494415360913,True
51904,0,0,0.1174178846748989,True
52493,0,0,0.13944647540850913,True
53968,0,0,0.2525083582955642,True
51924,0,0,0.25323365748300297,True
55347,1,1,0.8989535329707898,True
50159,0,0,0.07637465141729129,True
52203,1,1,0.6033000953832659,True
54500,0,1,0.5317589674714227,False
51968,0,0,0.1589537786180653,True
53329,0,1,0.6009082226203293,False
50176,0,0,0.2203173295781604,True
53716,0,1,0.6634434831784455,False
51971,0,0,0.36037155959530126,True
53310,0,0,0.12622462860231637,True
53381,0,0,0.2207141718684722,True
54787,0,0,0.1769376666954272,True
53580,0,1,0.8582404913783125,False
53645,0,0,0.1749772418886241,True
54126,0,0,0.3295244096867079,True
52045,0,0,0.050700803974402214,True
51843,0,0,0.14486754581121977,True
53317,0,0,0.18288433394131817,True
51516,0,1,0.8497739552880749,False
52797,0,0,0.13986343973016305,True
51768,1,1,0.7860005813663331,True
50766,0,0,0.08905378653359092,True
54683,0,0,0.22363395668249658,True
50702,0,0,0.23736242808166924,True
53442,0,0,0.1075666217763447,True
54160,0,0,0.10915311109270194,True
54078,0,0,0.16535795370841097,True
54485,0,0,0.14635968360339535,True
54382,0,0,0.1897280098163781,True
53377,0,0,0.30681426420168845,True
53574,0,0,0.16447665510190423,True
54948,0,0,0.07869014814330762,True
51743,0,1,0.6616566231334744,False
54248,0,0,0.1321604477825166,True
51890,0,0,0.23446177846104077,True
55339,0,1,0.6773726571126758,False
55577,0,0,0.13908611012645258,True
52031,0,1,0.5456921848156202,False
52343,1,1,0.9168785583949766,True
52621,0,0,0.1453523340040258,True
51014,0,0,0.15653405561837858,True
54984,0,0,0.19875357761445286,True
54783,0,0,0.20786979158959076,True
55087,0,0,0.3494211409230312,True
50339,1,1,0.937522007115806,True
52305,0,0,0.1310426599341232,True
51644,0,0,0.2850437050988,True
51512,0,0,0.1987841244339921,True
50898,0,0,0.2187295864486853,True
54291,0,0,0.18141369822555764,True
54796,0,0,0.22049661212740454,True
52416,0,0,0.44076893407033974,True
54628,0,0,0.29731770590696394,True
55245,0,0,0.299103226817492,True
53749,1,1,0.8476673470418734,True
52498,0,1,0.5508979392869098,False
50612,0,0,0.22179452628683907,True
51312,0,1,0.883425748337528,False
52349,0,1,0.6545222277708931,False
55018,1,1,0.5446065344906539,True
52581,0,0,0.25357211143169783,True
53451,0,0,0.1013248989682852,True
53229,0,0,0.1431525325455763,True
53259,1,0,0.40290007733892497,False
53473,0,0,0.2249735191277614,True
52243,0,0,0.12825955877975853,True
53969,0,0,0.36689670684543674,True
54156,0,0,0.11439287658726092,True
52995,0,0,0.20793477248739703,True
54649,0,0,0.08969663205007107,True
55463,0,0,0.21403964384664306,True
55625,0,1,0.7664481375901637,False
55139,0,0,0.15934543864904213,True
50286,0,0,0.159140681151443,True
53517,0,0,0.20122035859513773,True
54400,1,1,0.8365586730977884,True
54618,1,1,0.9547288846924036,True
53306,0,1,0.66077240689946,False
54073,0,1,0.5285844588239494,False
51583,0,0,0.1709040052906119,True
53508,0,0,0.15915847954440474,True
51847,0,0,0.3710860792221038,True
53363,0,0,0.21993742947051192,True
54127,0,1,0.8814673895857114,False
51299,0,1,0.6153651594872365,False
53433,0,0,0.22211721160050207,True
50725,1,0,0.34579563629617155,False
51095,0,0,0.21131005531455635,True
54048,0,0,0.19977948631899764,True
53254,0,1,0.5630041547291564,False
54759,1,1,0.7062100285524717,True
52844,0,0,0.12219898243110715,True
50335,0,0,0.20007235260033784,True
50994,0,0,0.40784241794415116,True
51534,0,0,0.10467078910701488,True
53196,0,1,0.8308626343568283,False
55154,0,1,0.5545670829921069,False
51858,0,0,0.3871381214386534,True
55409,0,1,0.6071127186167762,False
51479,0,0,0.3407312442481053,True
52728,0,1,0.5488398177560407,False
51238,0,0,0.11942300904589208,True
50078,0,1,0.6289896482512592,False
54832,0,0,0.26670672550413643,True
52123,1,1,0.7100557145489452,True
51728,1,1,0.7848427719259974,True
54493,0,0,0.08810748985169484,True
52240,0,0,0.04781376123052135,True
55612,0,0,0.16159700017515582,True
54427,0,0,0.16486170398153077,True
50287,0,0,0.06520770205793695,True
50756,0,0,0.2213724840627581,True
50180,0,0,0.17492950816247776,True
55182,1,1,0.7236404596191519,True
55578,0,0,0.1955991166901641,True
51130,0,0,0.14328713539190305,True
55124,0,0,0.18357218967462244,True
52920,1,1,0.8697149887803102,True
51296,0,0,0.23818964935228398,True
52468,0,1,0.5215753359137419,False
52449,0,0,0.2024099777483131,True
55147,0,0,0.26591032603370324,True
52877,0,0,0.1244614868528455,True
55491,0,0,0.18742585353273344,True
54879,0,0,0.1555345834780875,True
54680,0,0,0.18669201512436054,True
50142,0,0,0.1554680021343591,True
54710,0,0,0.14913503122405905,True
55241,0,0,0.14322155261235672,True
52145,0,0,0.10641678418229988,True
50448,0,0,0.2498099559443939,True
50162,1,1,0.717764565206019,True
50444,1,0,0.3022889638888606,False
50163,0,0,0.12374922644103929,True
50942,0,0,0.2606470317776213,True
51401,0,0,0.35786504209228037,True
50101,0,0,0.45645121609371453,True
50403,0,0,0.195812884030301,True
50118,0,0,0.16585018398815868,True
51797,0,0,0.25035401567932847,True
54240,0,0,0.15556436091439924,True
52533,0,0,0.10229212074244515,True
55180,0,0,0.2634349577861017,True
53126,1,1,0.827234056652861,True
54852,0,0,0.4543190458789703,True
50817,0,0,0.15097102393689285,True
51616,0,0,0.09405223561765264,True
53622,0,0,0.2787998511437548,True
51302,0,0,0.37225253388391555,True
54890,0,0,0.3201832892293578,True
53983,0,0,0.20673282462944775,True
55107,1,1,0.7216341746237345,True
53495,0,0,0.08362696144338928,True
55122,0,0,0.2860016014207438,True
50905,0,0,0.10872955285631175,True
52369,0,0,0.47014116673877737,True
53941,0,0,0.3819492220398813,True
53993,0,0,0.21447853434783518,True
54817,1,1,0.8571267958324124,True
52390,0,0,0.09107566865535632,True
52317,0,0,0.09989517366567811,True
54770,0,0,0.11719737434401331,True
53474,0,0,0.15346654993383782,True
53947,0,0,0.18676093811470598,True
53436,0,0,0.13994475867344885,True
52721,1,1,0.9140199315019646,True
52630,0,0,0.1897464470485658,True
50827,0,0,0.2118120815230694,True
50536,1,1,0.6051409780188338,True
52000,0,0,0.14230865612091395,True
54746,1,1,0.6525040108001963,True
51190,0,0,0.14084337749790962,True
52565,0,0,0.21573682499786181,True
52235,0,1,0.5758450165566815,False
54885,0,1,0.5977809740654312,False
50258,1,1,0.7848427719259974,True
55540,1,1,0.7996578535617391,True
50765,0,1,0.5831606620551778,False
52864,0,0,0.1816909353806204,True
54342,0,0,0.2205136368913992,True
52732,0,1,0.6298229954079987,False
54100,0,0,0.11851280888430243,True
53610,0,0,0.11796613118188894,True
54981,0,0,0.19293329244007976,True
54804,0,0,0.08761418581075311,True
54972,0,0,0.3329942360179949,True
52558,0,0,0.18036004447557302,True
50446,0,0,0.1132230061324985,True
53592,0,0,0.30974933985042485,True
54806,1,1,0.863009514726135,True
53267,0,0,0.21057017646341641,True
55143,0,0,0.20157707641344783,True
50058,1,1,0.6131581420161609,True
53162,0,0,0.17052692617930634,True
53217,0,0,0.10779358403978721,True
54365,1,1,0.5615013580754589,True
50134,0,0,0.22106889481396652,True
52017,0,1,0.5336484320930075,False
52644,1,0,0.20925365023261755,False
51476,0,0,0.21083119744259263,True
50357,0,0,0.4290288527509187,True
54894,0,0,0.3096505494364285,True
50607,1,1,0.9275563061178205,True
50260,0,0,0.3056500020828084,True
55563,0,1,0.5681574898518575,False
52223,0,0,0.12260490832316755,True
54871,0,0,0.3143770573795793,True
53509,0,0,0.2099221748483664,True
54990,1,1,0.8722508844218555,True
51624,0,0,0.4115711187675253,True
51194,0,0,0.18059933166737172,True
52800,0,0,0.23302698111278314,True
54962,1,1,0.5874272514780519,True
55622,1,1,0.5474599678857427,True
52756,0,0,0.13232216311989858,True
53289,1,1,0.7100102494593888,True
50799,0,0,0.15669144390911677,True
54263,1,1,0.8842668008523925,True
52208,0,1,0.5380441213058714,False
53808,0,0,0.13890839285569578,True
51603,0,0,0.11055214519238693,True
50758,0,0,0.2553965550609781,True
55235,0,0,0.29924642849922206,True
52098,1,1,0.8048382902905107,True
52060,0,0,0.0958921731484995,True
53528,0,0,0.15225570652157874,True
50773,0,0,0.12165347395640003,True
51861,0,1,0.500828206666991,False
52079,0,0,0.30820420118781344,True
52391,0,0,0.21608688743926077,True
51045,0,0,0.4734352734774637,True
54898,0,0,0.11837159776005476,True
50698,0,0,0.13846943828955097,True
54631,0,1,0.5441678468243731,False
50244,1,1,0.5620042885090204,True
50064,0,0,0.1145318165674913,True
54430,0,0,0.14242889243805834,True
50179,0,0,0.24511292578404345,True
51292,0,0,0.128704753972927,True
53135,0,0,0.14533799390529595,True
51909,0,1,0.5038823170377152,False
54182,1,1,0.7995084721712402,True
53432,0,0,0.2255067405309093,True
51517,1,1,0.8949236518830898,True
50206,0,0,0.12921826259611469,True
55271,1,1,0.8737091033453933,True
50247,0,0,0.3132750144485033,True
50718,1,1,0.8890021106207489,True
52748,0,1,0.6225799685728718,False
51932,0,1,0.7745032164461605,False
55200,1,1,0.6542186623190878,True
55541,0,0,0.19509492818043409,True
50166,0,0,0.23075674340374405,True
52364,0,0,0.09021545030217538,True
53511,0,0,0.19878010188363793,True
52599,0,0,0.27577176941482784,True
55202,0,0,0.312349383313045,True
54953,1,1,0.7461822196046616,True
51552,0,1,0.5827456668117528,False
54277,0,0,0.19342690869020082,True
55273,1,0,0.2773405156689265,False
55110,0,0,0.10739286827287015,True
52092,0,0,0.10390599680848783,True
53311,0,0,0.26027454948876905,True
53629,0,0,0.14831030204067633,True
50701,0,0,0.24081977829733175,True
50649,0,0,0.2533008323938432,True
53849,0,0,0.11567227567055821,True
55507,0,0,0.10224326303106096,True
52582,1,1,0.9100150602174039,True
54232,0,0,0.2053077528599137,True
50080,1,1,0.6516700655459984,True
52423,1,1,0.8697902992640604,True
50297,1,1,0.8158744954875331,True
52963,0,0,0.2243720412720219,True
54589,0,0,0.09999748365502492,True
53005,0,0,0.2124727854808942,True
50835,0,0,0.12740500365209814,True
50182,0,0,0.18105247434894942,True
50988,1,1,0.5715648913380964,True
55068,0,0,0.1871956876160512,True
51068,0,0,0.29124676173394554,True
53561,0,0,0.3976878539181072,True
50056,0,0,0.48506774411086595,True
54808,0,0,0.22432119163141281,True
53016,0,0,0.21498285425959948,True
50750,0,0,0.1501507246760403,True
52576,0,1,0.5864273548422152,False
51005,0,0,0.17398229293160317,True
53669,0,0,0.12652156207108228,True
54250,1,0,0.3578964178002657,False
53009,0,1,0.8718995435903786,False
55451,1,1,0.7191116320094654,True
51651,0,0,0.1323309214580617,True
55306,0,0,0.19051721430760288,True
52698,0,0,0.0939089670711634,True
50292,0,1,0.692505717089949,False
53719,0,0,0.3462892562818798,True
51136,0,0,0.26971253609475143,True
54284,0,0,0.0966837017314262,True
53780,0,0,0.11128329831817997,True
55413,0,0,0.31717773815562983,True
50627,0,0,0.09656875764004784,True
52584,0,1,0.7142838961592084,False
51894,0,0,0.18221366996941424,True
52504,0,0,0.10338073218435831,True
51550,1,1,0.6108796886270611,True
51592,0,0,0.18359153435709497,True
52569,1,0,0.4453760782389599,False
52334,0,0,0.12573643906523366,True
53738,0,0,0.20789772047540458,True
55274,0,0,0.20555884961190787,True
53497,0,0,0.09550701963652558,True
55387,0,0,0.28881364786109315,True
51279,0,0,0.25913901860489075,True
52381,0,0,0.31419760754997567,True
50753,0,0,0.12197721969326533,True
52290,0,0,0.3211377687020181,True
53804,0,0,0.19934555044399402,True
52865,0,0,0.2201035497078131,True
52538,0,0,0.2942648940503154,True
54215,0,1,0.6949710959102211,False
51521,0,0,0.23444789903613958,True
54913,1,1,0.7566986817933723,True
51857,0,0,0.16722970070523147,True
53584,0,0,0.1572949612315494,True
53307,0,0,0.09403302874554095,True
54918,0,0,0.18938211849088177,True
54335,0,0,0.2201035497078131,True
52764,0,0,0.11105672399431371,True
52281,0,0,0.11043014570343096,True
50931,0,0,0.2148507597911562,True
54870,1,1,0.902291326054707,True
50719,0,0,0.34389588308351304,True
52968,0,0,0.16724717950709114,True
50960,0,0,0.3585006181315512,True
51612,0,0,0.1444301201087208,True
54158,0,0,0.40283609011782157,True
52128,0,0,0.16209576771301587,True
53406,0,0,0.19558657385319986,True
52512,0,0,0.09355587730008144,True
50553,0,0,0.14855978279542814,True
52992,0,1,0.783124938244013,False
52900,0,0,0.22386935706279742,True
52420,0,0,0.3480452271900679,True
54293,1,1,0.8294178102609423,True
53778,0,0,0.41372061246462866,True
54939,0,0,0.18113324249042836,True
52677,0,0,0.11798353228098313,True
50488,0,1,0.5416197445779092,False
54964,0,0,0.23175030519440185,True
54739,0,0,0.24420444117191198,True
54369,0,0,0.17005118072282752,True
55082,0,1,0.5701857732701504,False
52397,0,0,0.19404841571746956,True
51844,0,1,0.61680632925732,False
54026,0,0,0.11917436029003263,True
50569,1,1,0.8676463487923357,True
51339,0,0,0.2073619057191814,True
50774,0,0,0.13389250596036736,True
55132,0,0,0.05810591222105242,True
55447,0,0,0.14250101554312317,True
52456,1,1,0.7225533664457623,True
55481,0,0,0.17309661289626704,True
54298,0,0,0.16352102892623666,True
54508,0,0,0.19855930385164228,True
52586,0,0,0.10839784581264902,True
50213,0,0,0.24513106827165945,True
51407,0,0,0.14274208554243237,True
50187,0,0,0.14206317078880187,True
50510,0,1,0.6923219341053702,False
52692,0,0,0.08967645031620912,True
52484,0,0,0.1564730227924821,True
53300,0,0,0.12439359003233903,True
55623,0,0,0.23830910881410733,True
51295,0,0,0.16507142295163393,True
52575,0,0,0.1530743166841086,True
52230,0,0,0.19273555070392068,True
53121,0,0,0.2609227799605992,True
52766,0,0,0.2436939228565575,True
53286,1,0,0.411074097295008,False
52241,0,0,0.24962946381861378,True
53367,0,0,0.15498238293389277,True
52465,0,0,0.18986193923572567,True
55314,1,1,0.9035029017414757,True
50619,0,0,0.049296647432463286,True
50474,1,1,0.8077918141160884,True
54098,0,1,0.5768241037119003,False
52776,0,0,0.21836578073573026,True
54744,0,0,0.24463992363356507,True
51094,0,0,0.31918414505414955,True
53425,0,1,0.6957952025756633,False
52077,1,1,0.9339743986105198,True
55063,0,1,0.5794822408653618,False
54372,0,0,0.2798443659910436,True
53008,1,0,0.27050639614384453,False
54652,0,0,0.14849020062475204,True
51298,0,1,0.5237204819053028,False
52871,0,0,0.4880897493406771,True
54642,0,0,0.34126338224935343,True
54563,0,0,0.28289549211509896,True
51133,1,1,0.875760910772362,True
55047,0,0,0.41016904317630376,True
53359,0,0,0.2613149187104483,True
55398,1,1,0.8209448883299946,True
53992,0,0,0.15498761621728885,True
53278,0,0,0.08101612845496735,True
52898,0,0,0.15415485664299763,True
52973,0,0,0.23347552195549537,True
50196,0,1,0.7259237195286272,False
53836,0,0,0.19051721430760288,True
51811,0,0,0.20280686277150473,True
53714,0,0,0.16924996420932353,True
51730,0,0,0.2925048188800694,True
53840,0,1,0.6153908034228516,False
54040,0,1,0.8344231405509597,False
52015,1,1,0.6657587821195612,True
54630,1,1,0.6596141364178086,True
53397,1,1,0.7544100487587221,True
52890,0,0,0.12913864351439444,True
50267,0,0,0.12298903472991253,True
52741,1,1,0.8277218731828253,True
53590,0,0,0.07829578337379783,True
50887,0,0,0.4752940378847535,True
52418,0,0,0.1648340792117657,True
52348,0,0,0.2591450026284796,True
50853,0,0,0.43035933924127046,True
53505,0,0,0.1408511164875724,True
51123,0,0,0.18433885215818724,True
54206,1,0,0.2894896195240191,False
53319,0,0,0.25938300393246566,True
55031,0,0,0.33475067801706004,True
54910,1,0,0.3999191429662457,False
50901,0,1,0.6977037257522989,False
54455,0,0,0.43394231234652514,True
51570,0,0,0.13378565622244973,True
50826,0,0,0.29809671992778425,True
52408,0,0,0.2943060482769893,True
53910,0,0,0.2520607991134136,True
54535,0,0,0.2332078423510535,True
50008,1,1,0.6527799119673482,True
51658,0,0,0.37477367196296063,True
50949,0,0,0.4486845380020988,True
54532,0,0,0.3084433875224809,True
53349,0,0,0.4193345471142914,True
54018,0,0,0.09837520778085011,True
54848,0,0,0.2017348457692557,True
54276,0,0,0.3052675216062889,True
53086,0,0,0.1982173999929719,True
50032,0,1,0.7189013317307574,False
52213,0,0,0.05858028242951201,True
50881,0,0,0.283828383172888,True
53265,0,0,0.16249348739793182,True
51706,0,0,0.06238026023783056,True
50697,0,0,0.14248329338263388,True
53933,0,0,0.26826301367501054,True
54866,0,0,0.25066595472154973,True
54595,0,0,0.1957532049524299,True
50918,0,0,0.2438296254643249,True
52383,0,0,0.2076074411046001,True
53384,1,1,0.7995723423392438,True
51169,0,0,0.28654396507134805,True
52788,1,1,0.832327699362023,True
52244,0,0,0.12623974006189675,True
55531,0,0,0.12975163718645305,True
50186,0,0,0.22677646233482615,True
50861,1,1,0.8339638683704186,True
55407,1,1,0.7162253493871633,True
52444,0,0,0.15588173567958527,True
53704,0,0,0.2670935548451434,True
54393,0,0,0.14817479743073533,True
52476,0,0,0.11498108354103213,True
53639,0,0,0.32927186844365275,True
53784,0,0,0.2162314850581425,True
53698,1,1,0.8416519561445215,True
52052,1,1,0.7151717988640988,True
51394,0,0,0.3740719826268226,True
55036,0,0,0.1694877851542628,True
55331,0,1,0.6665418161930127,False
53720,0,0,0.10444016506290929,True
51278,0,1,0.6164978521415371,False
53299,1,0,0.28985319926650055,False
52023,0,0,0.14712332532003702,True
50140,1,1,0.8016563852539216,True
54223,0,0,0.19272662527867992,True
54454,1,1,0.8362278878441772,True
54480,0,0,0.23658989191778373,True
50970,0,0,0.17352763309664376,True
50420,0,0,0.24613182417352542,True
52654,0,0,0.1688573927336465,True
51012,1,1,0.9181951948353065,True
51673,1,0,0.44798883341560936,False
54023,1,1,0.9390320710474565,True
55084,0,0,0.1460732649748203,True
54994,0,1,0.5978681596749549,False
52770,0,0,0.108064116647368,True
51171,0,0,0.3053045655243598,True
54190,0,0,0.21235545072094972,True
54507,0,0,0.24457253429319606,True
51386,0,0,0.4673894281699904,True
53276,1,1,0.6773405009805188,True
51686,0,0,0.0983850714038049,True
54571,0,0,0.19366527425734098,True
52602,0,0,0.1976851386221969,True
52867,0,0,0.21096757094377788,True
50036,0,1,0.5288266615799523,False
50192,0,0,0.18854848605042362,True
53842,0,0,0.25538367504066367,True
51309,0,1,0.6133206193602078,False
54499,0,0,0.20912678105403124,True
51598,0,0,0.2755144745248178,True
51411,0,0,0.06401012447581503,True
51783,0,0,0.32217296114844474,True
50484,1,0,0.307838280414546,False
51249,0,0,0.18934176643659442,True
50940,0,0,0.2885029026765524,True
54171,0,0,0.18135655291835595,True
51346,1,1,0.5181721144653622,True
52661,0,0,0.1726732787769004,True
50944,1,1,0.88687098696089,True
53029,0,0,0.20781229692704709,True
50582,1,1,0.7151717988640988,True
51655,0,0,0.39188721326910875,True
53527,1,1,0.7473855369139577,True
54469,0,0,0.08328762722913759,True
55052,0,0,0.14529094622048325,True
52170,0,0,0.20726198690747621,True
55046,0,1,0.5399700003961488,False
53777,0,0,0.12507008005268172,True
50636,0,0,0.10339514239953891,True
52074,0,0,0.13098328221915115,True
50454,0,0,0.269809026847835,True
52679,1,0,0.30181083587943625,False
55396,0,0,0.2596997700246968,True
55450,0,0,0.21968138095894235,True
54043,0,0,0.08636476811635406,True
53765,0,0,0.29825764345249306,True
55264,0,0,0.1830939460596046,True
53974,0,0,0.18018342471176121,True
50844,0,0,0.2070251463757143,True
55222,0,1,0.7525313962723246,False
52199,0,1,0.7069504314304206,False
50651,0,0,0.20512054694135198,True
55436,0,0,0.07264407270070108,True
51677,0,1,0.6475176552249019,False
55184,0,0,0.16388205216179355,True
55165,0,1,0.5503862233627195,False
50590,0,0,0.09657844765830342,True
53631,1,0,0.3759446013359742,False
52026,0,0,0.3034029556074763,True
51049,0,0,0.22443585948763212,True
52283,0,0,0.26637548304297093,True
54722,0,0,0.07065389473455877,True
53104,0,0,0.1447640658186785,True
53091,0,0,0.1979789499462622,True
50416,1,1,0.6877902507409545,True
51930,0,0,0.1333767650642882,True
50661,0,0,0.23514173486600778,True
53364,0,1,0.5376683640446005,False
54601,1,1,0.8360095373104864,True
50097,0,0,0.29286121411686156,True
52024,0,0,0.3816433916969368,True
53234,0,0,0.23492375505942714,True
52880,0,0,0.05741681402819407,True
50650,0,0,0.06573847898325322,True
54151,0,0,0.3204374140332945,True
51419,0,0,0.1069248858194457,True
53013,0,0,0.18252645255875777,True
51444,0,0,0.10390770220565897,True
50296,0,0,0.2172382613548125,True
52202,0,1,0.6449085016040609,False
51457,1,1,0.8699788859986632,True
52280,0,0,0.33718427821268343,True
52118,0,0,0.11732003216644513,True
55575,0,0,0.2908505923294892,True
53797,1,1,0.6860871667650269,True
51421,0,0,0.14010760153958188,True
50512,1,1,0.6669201102915566,True
51507,0,0,0.2908074415859699,True
54057,0,0,0.21740785015371858,True
52006,1,1,0.6034629711911618,True
53693,0,0,0.27274825085090554,True
50865,0,0,0.44905095165496123,True
53811,0,0,0.24074871788478003,True
54164,0,1,0.5226204268742877,False
53727,1,1,0.8487370522169129,True
50589,0,0,0.19835036217035373,True
51792,0,0,0.23346930560260154,True
52091,0,0,0.08897214746137574,True
50248,0,0,0.1945311539868235,True
55471,0,0,0.07979471930618982,True
50418,0,0,0.3907044763579388,True
53949,0,0,0.34946211249093323,True
52526,0,0,0.47167042032398476,True
50193,1,0,0.30179386968960387,False
52943,0,0,0.260682489556475,True
50073,0,0,0.10505499721770623,True
54542,0,0,0.32102788233004387,True
53514,0,0,0.19444324211661737,True
52922,0,0,0.1517994362369374,True
52022,0,0,0.14696142638095383,True
54923,1,1,0.8694203349268159,True
50089,0,0,0.14001578758494365,True
52950,1,1,0.7773819772958805,True
50461,1,1,0.7178121559782198,True
53069,1,1,0.8747817380184749,True
55588,0,0,0.2568617295404954,True
50161,0,0,0.291688449140654,True
53755,0,0,0.19197385230830996,True
51892,0,0,0.41678727676191174,True
51124,0,1,0.6066283118934603,False
53549,0,0,0.06301687312845135,True
50471,1,0,0.44309633756776706,False
50031,0,0,0.13526899506672777,True
53188,0,0,0.19157834967725884,True
50043,0,0,0.26651562952650887,True
50307,0,0,0.11489064338966426,True
53796,0,0,0.22340155020910488,True
55075,0,0,0.10036408590706328,True
54320,0,0,0.2494015413471047,True
50775,0,0,0.09261036632936916,True
52801,0,0,0.2527341121907517,True
53447,0,0,0.2814593179382301,True
53929,0,1,0.7012540880697192,False
54995,0,0,0.1762908966704761,True
53739,0,0,0.2580959107209349,True
51038,1,1,0.8780850913174458,True
53871,0,0,0.22554169829092222,True
52642,0,0,0.24365936997854018,True
53070,0,0,0.04009031229103873,True
54366,1,1,0.6326527675257441,True
53459,0,0,0.22406632405971333,True
54929,0,0,0.19894101441262296,True
54633,0,0,0.13477710457704897,True
54473,0,0,0.42378372309966844,True
52399,0,0,0.0528509421200116,True
55173,1,1,0.8537260893205024,True
52007,0,0,0.11221289481297679,True
52187,0,1,0.7210910472671955,False
51406,0,0,0.1287361440649714,True
53543,0,0,0.18181073246275475,True
54209,0,0,0.3476109970059945,True
55437,0,0,0.16136050293485124,True
51243,0,0,0.31022183322999564,True
50563,0,0,0.21991026223299395,True
55616,0,0,0.23890124519624795,True
50493,0,0,0.11146464634741003,True
53582,0,0,0.2020127709546765,True
52475,0,0,0.17398229293160317,True
50711,0,0,0.28849428656021436,True
53052,0,0,0.38167386611832205,True
52466,0,0,0.20886843901572927,True
51964,0,1,0.6011777170270882,False
54243,0,0,0.09854279036963842,True
55485,0,0,0.2503889758724721,True
51247,0,0,0.13075993685653253,True
52974,0,0,0.08005927769629112,True
53937,1,1,0.7162253493871633,True
51039,0,0,0.19596579063042197,True
54176,0,0,0.2743327644920727,True
51765,0,0,0.263726493543559,True
50952,0,0,0.055982729813742665,True
53893,0,0,0.17298505282851295,True
52251,0,0,0.17586232807392413,True
50479,0,1,0.5030565000800652,False
53753,0,0,0.3542511945794499,True
52891,0,1,0.6195317278914039,False
53177,0,0,0.3734959930566314,True
53671,1,1,0.8399414179727528,True
53393,0,0,0.343471825251444,True
51585,1,1,0.8329566212809286,True
54510,0,0,0.20734169268636785,True
50382,0,0,0.18917620012322656,True
50329,1,1,0.9153504899110102,True
50896,0,0,0.21585272422786173,True
55581,0,0,0.18108139227046605,True
54468,0,0,0.19386821328360834,True
52042,0,0,0.08235902771830275,True
54363,0,1,0.5014565005634792,False
52488,0,0,0.15359489235771695,True
55064,0,0,0.28798103764547633,True
51959,0,0,0.16782134827550632,True
51315,0,0,0.2553956694441367,True
